{
  // These tasks will run in order when initializing your CodeSandbox project.
  "setupTasks": [
    {
      "name": "Install Dependencies",
      "command": "pnpm install"
    }
  ],

  // These tasks can be run from CodeSandbox. Running one will open a log in the app.
  "tasks": {
    "start": {
      "name": "start",
      "command": "yarn start",
      "runAtStart": true,
      "preview": {
        "port": 5000
      }
    },
    "Development": {
      "name": "Development",
      "command": "pnpm start",
      "runAtStart": true,
      "preview": {
        "port": 5000
      }
    }
  }
}
